04 Oct 2024,kumhotire.com,LockBit3.0
03 Oct 2024,tpgagedcare.com.au,LockBit3.0
30 Sep 2024,oleopalma.com.mx,LockBit3.0
30 Sep 2024,chcm.us,LockBit3.0
26 Sep 2024,nhbg.com.co,LockBit3.0
26 Sep 2024,bnsgroup.co.uk,LockBit3.0
26 Sep 2024,oyaksgs.com.tr,LockBit3.0
18 Sep 2024,paybito.com,LockBit3.0
18 Sep 2024,efile.com,LockBit3.0
18 Sep 2024,yesmoke.eu,LockBit3.0
18 Sep 2024,lakelandchamber.com,LockBit3.0
18 Sep 2024,crbrandsinc.com,LockBit3.0
18 Sep 2024,bspcr.com,LockBit3.0
17 Sep 2024,rhp.com.br,LockBit3.0
17 Sep 2024,policiaauxiliarcusaem.com.mx,LockBit3.0
15 Sep 2024,nfcaa.org,LockBit3.0
15 Sep 2024,ignitarium.com,LockBit3.0
15 Sep 2024,fivestarproducts.com,LockBit3.0
15 Sep 2024,apexbrasil.com.br,LockBit3.0
15 Sep 2024,bridgestoneamericas.com,LockBit3.0
15 Sep 2024,dowley.com,LockBit3.0
15 Sep 2024,salaam.af,LockBit3.0
30 Aug 2024,gbricambi.it,LockBit3.0
30 Aug 2024,fanningfanning.com,LockBit3.0
30 Aug 2024,akanea.com,LockBit3.0
30 Aug 2024,jutebag.co.uk,LockBit3.0
30 Aug 2024,designintoto.com.au,LockBit3.0
30 Aug 2024,robesoncoso.org,LockBit3.0
29 Aug 2024,acdcexpress.com,LockBit3.0
29 Aug 2024,pkf.com.au,LockBit3.0
29 Aug 2024,inces.com,LockBit3.0
29 Aug 2024,huntongroup.com,LockBit3.0
29 Aug 2024,hphood.com,LockBit3.0
29 Aug 2024,bridgestoneamericas.com,LockBit3.0
29 Aug 2024,albanybank.com,LockBit3.0
29 Aug 2024,sampoernaagro.com,LockBit3.0
29 Aug 2024,tdsb.on.ca,LockBit3.0
29 Aug 2024,alconca.com.ve,LockBit3.0
12 Aug 2024,ultragasmexico.com,LockBit3.0
12 Aug 2024,taylorcrane.com,LockBit3.0
12 Aug 2024,soken-ce.co.jp,LockBit3.0
12 Aug 2024,sitrack.com,LockBit3.0
12 Aug 2024,shinwajpn.co.jp,LockBit3.0
12 Aug 2024,mogaisrael.com,LockBit3.0
12 Aug 2024,maximumresearch.com,LockBit3.0
12 Aug 2024,kioti.com,LockBit3.0
12 Aug 2024,indoramaventures.com,LockBit3.0
12 Aug 2024,hatsinteriors.com,LockBit3.0
12 Aug 2024,grc-c.co.il,LockBit3.0
12 Aug 2024,eif.org.na,LockBit3.0
12 Aug 2024,coreengg.com,LockBit3.0
12 Aug 2024,champion.com.co,LockBit3.0
12 Aug 2024,centralepaysanne.lu,LockBit3.0
12 Aug 2024,carlfischer.com,LockBit3.0
12 Aug 2024,auburnpikapp.org,LockBit3.0
12 Aug 2024,anwaltskanzlei-kaufbeuren.de,LockBit3.0
12 Aug 2024,udhaiyamdhall.com,LockBit3.0
12 Aug 2024,tetco.com,LockBit3.0
12 Aug 2024,ipsenlogistics.com,LockBit3.0
12 Aug 2024,inouemfg.com,LockBit3.0
12 Aug 2024,ciasc.mx,LockBit3.0
12 Aug 2024,cdtmedicus.pl,LockBit3.0
12 Aug 2024,bildco.ae,LockBit3.0
11 Aug 2024,vitema.vi.gov,LockBit3.0
11 Aug 2024,vinatiorganics.com,LockBit3.0
11 Aug 2024,vikrantsprings.com,LockBit3.0
11 Aug 2024,unisi.it,LockBit3.0
11 Aug 2024,acsistemas.com,LockBit3.0
11 Aug 2024,thaiagri.com,LockBit3.0
11 Aug 2024,snapethorpeprimary.co.uk,LockBit3.0
11 Aug 2024,sislocar.com,LockBit3.0
11 Aug 2024,ondozabal.com,LockBit3.0
11 Aug 2024,museu-goeldi.br,LockBit3.0
11 Aug 2024,mpeprevencion.com,LockBit3.0
11 Aug 2024,kowessex.co.uk,LockBit3.0
11 Aug 2024,hotel-ostella.com,LockBit3.0
11 Aug 2024,hetero.com,LockBit3.0
11 Aug 2024,garage-cretot.fr,LockBit3.0
11 Aug 2024,essinc.com,LockBit3.0
11 Aug 2024,equinoxinc.org,LockBit3.0
11 Aug 2024,depenning.com,LockBit3.0
11 Aug 2024,cinealbeniz.com,LockBit3.0
11 Aug 2024,call4health.com,LockBit3.0
11 Aug 2024,brockington.leisc.sch.uk,LockBit3.0
11 Aug 2024,asafoot.com,LockBit3.0
11 Aug 2024,alian.mx,LockBit3.0
11 Aug 2024,joliet86.org,LockBit3.0
11 Aug 2024,nationaldentex.com,LockBit3.0
11 Aug 2024,dunaway.com,LockBit3.0
11 Aug 2024,manusa.com,LockBit3.0
11 Aug 2024,rehub.ie,LockBit3.0
11 Aug 2024,cms.law,LockBit3.0
11 Aug 2024,agencavisystems.com,LockBit3.0
11 Aug 2024,keuka.edu,LockBit3.0
11 Aug 2024,gorrias-mercedes-benz.fr,LockBit3.0
11 Aug 2024,ema-eda.com,LockBit3.0
11 Aug 2024,kauffmanschool.org,LockBit3.0
11 Aug 2024,ernesthealth.com,LockBit3.0
11 Aug 2024,morningstarco.com,LockBit3.0
11 Aug 2024,allcare-med.com,LockBit3.0
11 Aug 2024,utc-silverstone.co.uk,LockBit3.0
11 Aug 2024,twpunionschools.org,LockBit3.0
11 Aug 2024,jmjcorporation.com,LockBit3.0
11 Aug 2024,countyins.com,LockBit3.0
11 Aug 2024,srg-plc.com,LockBit3.0
11 Aug 2024,thede-culpepper.com,LockBit3.0
11 Aug 2024,skanlog.com,LockBit3.0
11 Aug 2024,emanic.net,LockBit3.0
11 Aug 2024,southernspecialtysupply.com,LockBit3.0
11 Aug 2024,rollingfields.com,LockBit3.0
11 Aug 2024,qespavements.com,LockBit3.0
11 Aug 2024,daubertchemical.com,LockBit3.0
11 Aug 2024,morrisgroupint.com,LockBit3.0
11 Aug 2024,pricemodern.com,LockBit3.0
11 Aug 2024,churchill-linen.com,LockBit3.0
11 Aug 2024,johnllowery.com,LockBit3.0
11 Aug 2024,sullivansteelservice.com,LockBit3.0
11 Aug 2024,divaris.com,LockBit3.0
11 Aug 2024,clinicatezza.com.pe,LockBit3.0
11 Aug 2024,fremontschools.net,LockBit3.0
11 Aug 2024,exol-lubricants.com,LockBit3.0
11 Aug 2024,slpcolombus.com,LockBit3.0
11 Aug 2024,lesbureauxdelepargne.com,LockBit3.0
11 Aug 2024,soprema.com,LockBit3.0
11 Aug 2024,polycab.com,LockBit3.0
11 Aug 2024,allweatheraa.com,LockBit3.0
11 Aug 2024,legacycpas.com,LockBit3.0
11 Aug 2024,luisoliveras.com,LockBit3.0
11 Aug 2024,sierraconstruction.ca,LockBit3.0
11 Aug 2024,ablinc.com,LockBit3.0
11 Aug 2024,dmmerch.com,LockBit3.0
11 Aug 2024,sagaciousresearch.com,LockBit3.0
10 Aug 2024,kronospublic.com,LockBit3.0
04 Aug 2024,dunaway.com,LockBit3.0
04 Aug 2024,kierlcpa.com,LockBit3.0
01 Aug 2024,alliedtelesis.com,LockBit3.0
01 Aug 2024,at-global.com,LockBit3.0
01 Aug 2024,marvell.com,LockBit3.0
31 Jul 2024,qftemb.com,LockBit3.0
28 Jul 2024,lavalpoincon.com,LockBit3.0
28 Jul 2024,sirva.com,LockBit3.0
28 Jul 2024,kendrion.com,LockBit3.0
28 Jul 2024,ccimp.com,LockBit3.0
28 Jul 2024,juvaskin.com,LockBit3.0
28 Jul 2024,eastern-sales.com,LockBit3.0
28 Jul 2024,ciberviaxesespecial.net,LockBit3.0
28 Jul 2024,agapefrance.org,LockBit3.0
28 Jul 2024,pbw-india.com,LockBit3.0
28 Jul 2024,kvie.org,LockBit3.0
28 Jul 2024,frilot.com,LockBit3.0
27 Jul 2024,kns.com,LockBit3.0
26 Jul 2024,e21c.co.uk,LockBit3.0
26 Jul 2024,petroassist.co.uk,LockBit3.0
26 Jul 2024,olea.com,LockBit3.0
26 Jul 2024,cloudminds.com,LockBit3.0
26 Jul 2024,jdbchina.com,LockBit3.0
26 Jul 2024,hpo.pe,LockBit3.0
26 Jul 2024,nationaldentex.com,LockBit3.0
26 Jul 2024,richmont.edu,LockBit3.0
26 Jul 2024,aei.cc,LockBit3.0
26 Jul 2024,gitiusa.com,LockBit3.0
26 Jul 2024,carsonteam.com,LockBit3.0
26 Jul 2024,bkf-fleuren.de,LockBit3.0
26 Jul 2024,planethomelending.com,LockBit3.0
26 Jul 2024,bnpmedia.com,LockBit3.0
26 Jul 2024,atcdi.com.cn,LockBit3.0
26 Jul 2024,homelandvinyl.com,LockBit3.0
26 Jul 2024,sandytownshippolice.org,LockBit3.0
25 Jul 2024,glnf.fr,LockBit3.0
24 Jul 2024,fbrlaw.com,LockBit3.0
22 Jul 2024,tccfleet.com,LockBit3.0
22 Jul 2024,kns.com,LockBit3.0
18 Jul 2024,customssupport.be,LockBit3.0
18 Jul 2024,barkingwell.gr,LockBit3.0
18 Jul 2024,troyareasd.org,LockBit3.0
18 Jul 2024,paysdelaloire.fr,LockBit3.0
18 Jul 2024,glsco.com,LockBit3.0
18 Jul 2024,goldstarmetal.com,LockBit3.0
18 Jul 2024,lothar-rapp.de,LockBit3.0
18 Jul 2024,albonanova.at,LockBit3.0
18 Jul 2024,iteam.gr,LockBit3.0
18 Jul 2024,claycountyin.gov,LockBit3.0
18 Jul 2024,wattlerange.sa.gov.au,LockBit3.0
18 Jul 2024,lockbit.newcontacts,LockBit3.0
17 Jul 2024,assih.com,LockBit3.0
17 Jul 2024,gptchb.org,LockBit3.0
17 Jul 2024,piedmonthoist.com,LockBit3.0
17 Jul 2024,plantmachineworks.com,LockBit3.0
17 Jul 2024,energateinc.com,LockBit3.0
17 Jul 2024,norton.k12.ma.us,LockBit3.0
17 Jul 2024,kbc-zagreb.hr,LockBit3.0
17 Jul 2024,fairfieldmemorial.org,LockBit3.0
15 Jul 2024,townandforest.co.uk,LockBit3.0
15 Jul 2024,concorddirect.com,LockBit3.0
15 Jul 2024,competenz.co.nz,LockBit3.0
15 Jul 2024,latinusa.co.id,LockBit3.0
14 Jul 2024,nicholsfleet.com,LockBit3.0
04 Jul 2024,ws-stahl.eu,LockBit3.0
02 Jul 2024,merrymanhouse.org,LockBit3.0
23 Jun 2024,federalreserve.gov,LockBit3.0
14 Jun 2024,manncorp.com,LockBit3.0
10 Jun 2024,ccmaui.org,LockBit3.0
05 Jun 2024,craigsteven.com,LockBit3.0
05 Jun 2024,emainc.net,LockBit3.0
02 Jun 2024,smithandcaugheys.co.nz,LockBit3.0
02 Jun 2024,heras.co.uk,LockBit3.0
01 Jun 2024,cfymca.org,LockBit3.0
30 May 2024,aytosanlorenzo.es,LockBit3.0
27 May 2024,valleyjoist.com,LockBit3.0
25 May 2024,longviewoms.com,LockBit3.0
25 May 2024,sysroad.com,LockBit3.0
25 May 2024,highwaystrust.com,LockBit3.0
25 May 2024,cafesnovell.com,LockBit3.0
25 May 2024,sunpetro.com,LockBit3.0
25 May 2024,kharafiglobal.com,LockBit3.0
25 May 2024,mgops.sedziszow-mlp.pl,LockBit3.0
25 May 2024,pressurejet.com,LockBit3.0
25 May 2024,multigroup.info,LockBit3.0
23 May 2024,valleylandtitleco.com,LockBit3.0
23 May 2024,londondrugs.com,LockBit3.0
22 May 2024,telekom.com,LockBit3.0
22 May 2024,powertestdyno.com,LockBit3.0
21 May 2024,originalfootwear.com,LockBit3.0
21 May 2024,ramfoam.com,LockBit3.0
20 May 2024,qualityplumbingassociates.com,LockBit3.0
18 May 2024,carcajou.fr,LockBit3.0
18 May 2024,heartlandhealthcenter.org,LockBit3.0
16 May 2024,sunwave.com.cn,LockBit3.0
14 May 2024,acla.de,LockBit3.0
14 May 2024,21stcenturyvitamins.com,LockBit3.0
14 May 2024,wichita.gov,LockBit3.0
13 May 2024,oseranhahn.com,LockBit3.0
13 May 2024,hbmolding.com,LockBit3.0
10 May 2024,contest.omg,LockBit3.0
10 May 2024,colonialsd.org,LockBit3.0
09 May 2024,incegroup.com,LockBit3.0
09 May 2024,iaconnecticut.com,LockBit3.0
09 May 2024,indigo.ca,LockBit3.0
09 May 2024,gruppobeltrame.com,LockBit3.0
09 May 2024,equatortrustees.com,LockBit3.0
09 May 2024,ecotruck.com.br,LockBit3.0
09 May 2024,cultivarnet.com.br,LockBit3.0
09 May 2024,ckfinc.com,LockBit3.0
09 May 2024,besttaxfiler.com,LockBit3.0
09 May 2024,amsoft.cl,LockBit3.0
09 May 2024,faacgroup.com,LockBit3.0
09 May 2024,worldlearning.org,LockBit3.0
09 May 2024,wisconsinindustrialcoatings.com,LockBit3.0
09 May 2024,mckimcreed.com,LockBit3.0
09 May 2024,nampak.com,LockBit3.0
09 May 2024,taylorlaw.net,LockBit3.0
09 May 2024,kjf-augsburg.de,LockBit3.0
09 May 2024,disb.dc.gov,LockBit3.0
09 May 2024,tascoplumbing.com,LockBit3.0
09 May 2024,tu-ilmenau.de,LockBit3.0
09 May 2024,uslinen.com,LockBit3.0
09 May 2024,sesenergy.org,LockBit3.0
09 May 2024,lenmed.co.za,LockBit3.0
09 May 2024,dagma.com.ar,LockBit3.0
09 May 2024,kimmelcleaners.com,LockBit3.0
09 May 2024,ccofva.com,LockBit3.0
09 May 2024,ctc-corp.net,LockBit3.0
09 May 2024,casajove.com,LockBit3.0
09 May 2024,torrepacheco.es,LockBit3.0
09 May 2024,habeco.com.vn,LockBit3.0
09 May 2024,easternshipbuilding.com,LockBit3.0
09 May 2024,redwoodcoastrc.org,LockBit3.0
09 May 2024,gpaa.gov.za,LockBit3.0
09 May 2024,universalservicesms.com,LockBit3.0
09 May 2024,rmhfranchise.com,LockBit3.0
09 May 2024,ksa-architecture.com,LockBit3.0
09 May 2024,themisbourne.co.uk,LockBit3.0
09 May 2024,calvia.com,LockBit3.0
09 May 2024,nybravestfcu.org,LockBit3.0
09 May 2024,ufresources.com,LockBit3.0
09 May 2024,rjcorp.in,LockBit3.0
09 May 2024,acla-werke.com,LockBit3.0
09 May 2024,crinetics.com,LockBit3.0
09 May 2024,tegaindustries.com,LockBit3.0
09 May 2024,vm3fincas.es,LockBit3.0
09 May 2024,garage-cretot.fr,LockBit3.0
09 May 2024,cttxpress.com,LockBit3.0
09 May 2024,iitm.ac.in,LockBit3.0
09 May 2024,doublehorse.in,LockBit3.0
09 May 2024,vm3fincas.es,LockBit3.0
09 May 2024,dpkv.cz,LockBit3.0
09 May 2024,innophaseinc.com,LockBit3.0
09 May 2024,brfibra.com,LockBit3.0
09 May 2024,vstar.in,LockBit3.0
09 May 2024,interfashion.it,LockBit3.0
09 May 2024,binder.de,LockBit3.0
09 May 2024,evw.k12.mn.us,LockBit3.0
09 May 2024,dsglobaltech.com,LockBit3.0
09 May 2024,elements-ing.com,LockBit3.0
09 May 2024,itss.com.tr,LockBit3.0
09 May 2024,uniter.net,LockBit3.0
09 May 2024,truehomesusa.com,LockBit3.0
09 May 2024,rushenergyservices.com,LockBit3.0
09 May 2024,livia.in,LockBit3.0
09 May 2024,spu.ac.th,LockBit3.0
09 May 2024,rfca.com,LockBit3.0
09 May 2024,mutualclubunion.com.ar,LockBit3.0
09 May 2024,snk.sk,LockBit3.0
09 May 2024,college-stemarie-elven.org,LockBit3.0
09 May 2024,cargotrinidad.com,LockBit3.0
09 May 2024,peninsulacrane.com,LockBit3.0
09 May 2024,vinatiorganics.com,LockBit3.0
09 May 2024,orsiniimballaggi.com,LockBit3.0
09 May 2024,grupopm.com,LockBit3.0
09 May 2024,randi-group.com,LockBit3.0
09 May 2024,totto.com,LockBit3.0
09 May 2024,salmonesaysen.cl,LockBit3.0
08 May 2024,ajcfood.com,LockBit3.0
06 May 2024,bancodevenezuela.com,LockBit3.0
06 May 2024,gammarenax.ch,LockBit3.0
06 May 2024,oraclinical.com,LockBit3.0
06 May 2024,rammutual.com,LockBit3.0
06 May 2024,gslelectric.com,LockBit3.0
06 May 2024,harwoodlloyd.com,LockBit3.0
06 May 2024,etships.com,LockBit3.0
06 May 2024,ville-bouchemaine.fr,LockBit3.0
06 May 2024,sonoco.com,LockBit3.0
06 May 2024,thebiglifegroup.com,LockBit3.0
06 May 2024,elarabygroup.com,LockBit3.0
06 May 2024,qintess.com,LockBit3.0
06 May 2024,newsupri.com.br,LockBit3.0
06 May 2024,senacrs.com.br,LockBit3.0
06 May 2024,aev-iledefrance.fr,LockBit3.0
06 May 2024,piramal.com,LockBit3.0
06 May 2024,remagroup.com,LockBit3.0
06 May 2024,grand-indonesia.com,LockBit3.0
06 May 2024,carespring.com,LockBit3.0
06 May 2024,usherbrooke.ca,LockBit3.0
06 May 2024,signiflow.com,LockBit3.0
06 May 2024,syntax-architektur.at,LockBit3.0
06 May 2024,qstartlabs.com,LockBit3.0
06 May 2024,netspectrum.ca,LockBit3.0
06 May 2024,cdev.gc.ca,LockBit3.0
06 May 2024,isee.biz,LockBit3.0
06 May 2024,epr-groupe.fr,LockBit3.0
06 May 2024,directradiology.com,LockBit3.0
06 May 2024,cpashin.com,LockBit3.0
06 May 2024,bpce.com,LockBit3.0
06 May 2024,aw-lawyers.com,LockBit3.0
06 May 2024,arcus.pl,LockBit3.0
06 May 2024,yucatan.gob.mx,LockBit3.0
06 May 2024,hebeler.com,LockBit3.0
06 May 2024,getcloudapp.com,LockBit3.0
06 May 2024,parat-techology.com,LockBit3.0
06 May 2024,chuzefitness.com,LockBit3.0
06 May 2024,geotechenv.com,LockBit3.0
06 May 2024,foxsemicon.com,LockBit3.0
06 May 2024,alfiras.com,LockBit3.0
06 May 2024,irc.be,LockBit3.0
06 May 2024,htcinc.com,LockBit3.0
06 May 2024,svenskakyrkan.se,LockBit3.0
06 May 2024,smbw.com.au,LockBit3.0
06 May 2024,denave.com,LockBit3.0
06 May 2024,tdt.aero,LockBit3.0
06 May 2024,kras.hr,LockBit3.0
06 May 2024,eviivo.com,LockBit3.0
06 May 2024,sunray.com,LockBit3.0
06 May 2024,sunnydesigns.com,LockBit3.0
06 May 2024,ptow.com,LockBit3.0
06 May 2024,peachtree-medical.com,LockBit3.0
06 May 2024,atlanticeye.net,LockBit3.0
06 May 2024,central.k12.or.us,LockBit3.0
30 Apr 2024,sbsofbak.com,LockBit3.0
30 Apr 2024,ottlite.com,LockBit3.0
29 Apr 2024,ch-cannes.fr,LockBit3.0
29 Apr 2024,eurosko.com,LockBit3.0
22 Apr 2024,dc.gov,LockBit3.0
19 Apr 2024,rehab.ie,LockBit3.0
17 Apr 2024,craigwire.com,LockBit3.0
17 Apr 2024,tristatetruckandequip.com,LockBit3.0
16 Apr 2024,specialoilfield.com,LockBit3.0
16 Apr 2024,oraclecms.com,LockBit3.0
15 Apr 2024,jeyesfluid.co.uk,LockBit3.0
15 Apr 2024,tmt-mc.jp,LockBit3.0
15 Apr 2024,ndpaper.com,LockBit3.0
13 Apr 2024,countryvillahealth.com,LockBit3.0
13 Apr 2024,wblight.com,LockBit3.0
13 Apr 2024,dkpvlaw.com,LockBit3.0
11 Apr 2024,crinetics.com,LockBit3.0
09 Apr 2024,anovahealth.com,LockBit3.0
08 Apr 2024,lavelle.com,LockBit3.0
06 Apr 2024,earnesthealth.com,LockBit3.0
05 Apr 2024,truehomes.com,LockBit3.0
31 Mar 2024,worthenind.com,LockBit3.0
31 Mar 2024,sbmandco.com,LockBit3.0
27 Mar 2024,krueth.de,LockBit3.0
27 Mar 2024,pcscivilinc.com,LockBit3.0
26 Mar 2024,npgandour.com,LockBit3.0
26 Mar 2024,agribank.com.na,LockBit3.0
25 Mar 2024,regencymedia.com.au,LockBit3.0
25 Mar 2024,silganholdings.com,LockBit3.0
21 Mar 2024,northerncasket.com,LockBit3.0
21 Mar 2024,pathologie-bochum.de,LockBit3.0
19 Mar 2024,sunholdings.net,LockBit3.0
18 Mar 2024,pronatindustries.com,LockBit3.0
16 Mar 2024,automotionshade.com,LockBit3.0
16 Mar 2024,bergmeister.eu,LockBit3.0
16 Mar 2024,colefabrics.com,LockBit3.0
16 Mar 2024,duttonbrock.com,LockBit3.0
16 Mar 2024,hdstrading.com,LockBit3.0
16 Mar 2024,newmans-online.co.uk,LockBit3.0
16 Mar 2024,rrib.com,LockBit3.0
16 Mar 2024,triella.com,LockBit3.0
16 Mar 2024,certifiedcollection.com,LockBit3.0
15 Mar 2024,elezabypharmacy.com,LockBit3.0
14 Mar 2024,nationaldentex.com,LockBit3.0
14 Mar 2024,dhanisisd.net,LockBit3.0
14 Mar 2024,journeyfreight.com,LockBit3.0
13 Mar 2024,nationaldentex.com,LockBit3.0
13 Mar 2024,geruestbau.com,LockBit3.0
10 Mar 2024,nicklaus.com,LockBit3.0
10 Mar 2024,derrama.org.pe,LockBit3.0
10 Mar 2024,apeagers.au,LockBit3.0
09 Mar 2024,magierp.com,LockBit3.0
02 Mar 2024,smuldes.com,LockBit3.0
02 Mar 2024,ccdrc.pt,LockBit3.0
02 Mar 2024,silganhodlings.com,LockBit3.0
02 Mar 2024,prattindustries.com,LockBit3.0
02 Mar 2024,crbgroup.com,LockBit3.0
02 Mar 2024,unitednotions.com,LockBit3.0
02 Mar 2024,thewalkerschool.org,LockBit3.0
02 Mar 2024,schuett-grundei.de,LockBit3.0
02 Mar 2024,roth-werkzeugbau.de,LockBit3.0
02 Mar 2024,roehr-stolberg.de,LockBit3.0
02 Mar 2024,starkpower.de,LockBit3.0
02 Mar 2024,hotelemc2.com,LockBit3.0
02 Mar 2024,heinrichseegers.de,LockBit3.0
02 Mar 2024,good-lawyer.com,LockBit3.0
02 Mar 2024,pcli.com,LockBit3.0
02 Mar 2024,onyourmark.org,LockBit3.0
02 Mar 2024,airalbania.com.al,LockBit3.0
02 Mar 2024,aipcenergy.com,LockBit3.0
02 Mar 2024,aegean.gr,LockBit3.0
02 Mar 2024,adamjeeinsurance.com,LockBit3.0
02 Mar 2024,aerospace.com,LockBit3.0
02 Mar 2024,cityofbartlett.org,LockBit3.0
02 Mar 2024,sinloc.com,LockBit3.0
02 Mar 2024,sirva.com,LockBit3.0
02 Mar 2024,wombleco.com,LockBit3.0
02 Mar 2024,tvh.com,LockBit3.0
02 Mar 2024,dena.de,LockBit3.0
02 Mar 2024,muellersystems.com,LockBit3.0
02 Mar 2024,mrm.com.mx,LockBit3.0
02 Mar 2024,esser-ps.de,LockBit3.0
02 Mar 2024,cityofclarksville.com,LockBit3.0
02 Mar 2024,estes-express.com,LockBit3.0
02 Mar 2024,boeing.com,LockBit3.0
29 Feb 2024,hartalega.com.my,LockBit3.0
29 Feb 2024,gapsolutions.com.au,LockBit3.0
26 Feb 2024,stemcor.com,LockBit3.0
26 Feb 2024,mcs360.com,LockBit3.0
26 Feb 2024,igs-inc.com,LockBit3.0
26 Feb 2024,groupe-idea.com,LockBit3.0
26 Feb 2024,apeagers.com.au,LockBit3.0
26 Feb 2024,stsaviationgroup.com,LockBit3.0
26 Feb 2024,gatesshields.com,LockBit3.0
26 Feb 2024,aeromechinc.com,LockBit3.0
24 Feb 2024,fbi.gov,LockBit3.0
