2024-09-29,markdom.com,RansomHub
2024-09-28,rockymountaingastro.com,RansomHub
2024-09-28,www.contegritygroup.com,RansomHub
2024-09-27,PipelBiz.com,RansomHub
2024-09-26,www.naniwa-pump.co.jp,RansomHub
2024-09-26,www.vbrlogistica.com.br,RansomHub
2024-09-26,www.careco.se,RansomHub
2024-09-26,www.tokiwa-group.co.jp,RansomHub
2024-09-26,www.law-taxes.pl,RansomHub
2024-09-24,appweb.usinacoruripe.com.br,RansomHub
2024-09-24,libraries.delaware.gov,RansomHub
2024-09-14,tellurianinc.org,RansomHub
2024-09-23,bakpilic.com.tr,RansomHub
2024-09-20,aroma.com.tr,RansomHub
2024-08-28,www.quenotedeporten.com,RansomHub
2024-09-16,www.taperuvicha.com,RansomHub
2024-09-16,www.8010urbanliving.com,RansomHub
2024-09-16,www.adantia.es,RansomHub
2024-09-16,www.faithfc.org,RansomHub
2024-09-16,www.tta.cls,RansomHub
2024-09-16,kryptonresources.com,RansomHub
2024-09-16,oipip.gda.pl,RansomHub
2024-09-07,cardiovirginia.com,RansomHub
2024-09-18,virainsight.com,RansomHub
2024-09-19,rarholding.com,RansomHub
2024-09-19,advbe.com,RansomHub
2024-09-19,avl1.com,RansomHub
2024-09-17,www.nikpol.com.au,RansomHub
2024-09-17,www.plumbersstock.com,RansomHub
2024-09-13,capecodacademy.org,RansomHub
2024-09-16,topdoctors.com,RansomHub
2024-09-10,lafuturasrl.it,RansomHub
2024-09-10,advantagecdc.org,RansomHub
2024-09-10,accuraterailroad.com,RansomHub
2024-09-07,www.atlcc.net,RansomHub
2024-09-12,www.southeasternretina.com,RansomHub
2024-09-12,mechdyne.com,RansomHub
2024-09-12,thornton-inc.com,RansomHub
2024-09-10,allamericanpoly.com,RansomHub
2024-09-10,www.vinatiorganics.com,RansomHub
2024-09-06,americagraphics.com,RansomHub
2024-09-09,www.avf-biomedical.com,RansomHub
2024-09-09,www.iiitd.ac.in,RansomHub
2024-09-09,www.unige.it,RansomHub
2024-09-05,briedis.lt,RansomHub
2024-09-05,tri-tech.us,RansomHub
2024-09-05,cbt-gmbh.de,RansomHub
2024-09-05,inorde.com,RansomHub
2024-09-05,cps-k12.org,RansomHub
2024-09-05,Inglenorth.co.uk,RansomHub
2024-09-05,phdservices.net,RansomHub
2024-09-05,kawasaki.eu,RansomHub
2024-09-05,www.towellengineering.net,RansomHub
2024-09-05,www.parknfly.ca,RansomHub
2024-09-04,www.galgorm.com,RansomHub
2024-09-04,www.bennettcurrie.co.nz,RansomHub
2024-09-04,plannedparenthood.org,RansomHub
2024-09-03,gardenhomesmanagement.com,RansomHub
2024-08-29,wilmingtoncc.org,RansomHub
2024-09-02,www.pokerspa.it,RansomHub
2024-09-02,www.sanyo-bussan.co.jp,RansomHub
2024-09-02,www.amberbev.com,RansomHub
2024-09-02,Removal.AI,RansomHub
2024-09-02,www.sanyo-av.com<Taiwan>,RansomHub
2024-08-27,www.electriforce.com,RansomHub
2024-09-02,www.schneider.ch,RansomHub
2024-08-29,ciot.com,RansomHub
2024-08-31,www.nissan-dubai.com,RansomHub
2024-08-30,grant-associates.uk.com,RansomHub
2024-08-30,www.lfewines.com,RansomHub
2024-08-30,www.gruyeria.ch,RansomHub
2024-08-30,www.fenceauthority.com,RansomHub
2024-08-30,www.johnkellys.com,RansomHub
2024-08-30,www.iph-bet.fr,RansomHub
2024-08-30,www.suvacity.org,RansomHub
2024-08-30,www.primariatm.ro,RansomHub
2024-08-30,www.mineduc.gob.gt,RansomHub
2024-08-30,www.swinburne.edu,RansomHub
2024-08-30,www.iiitd.ac.in,RansomHub
2024-08-30,www.ramoncorripio.com,RansomHub
2024-08-30,www.timortelecom.tl,RansomHub
2024-08-30,www.citebd.org,RansomHub
2024-08-17,glasstile.com,RansomHub
2024-08-26,rainierarms.com,RansomHub
2024-08-27,www.chwa.com.tw,RansomHub
2024-08-27,www.polycohealthline.com,RansomHub
2024-08-27,dpfza.gov.dj,RansomHub
2024-08-26,www.spie-tec.de,RansomHub
2024-08-26,htsusa.com,RansomHub
2024-08-26,www.smarterp.com<Auction>,RansomHub
2024-07-09,www.alabamaplate.com,RansomHub
2024-08-25,prasarana.com.my,RansomHub
2024-08-22,saudi arabia(general secretariat of the military service council),RansomHub
2024-08-21,www.banhampoultry.co.uk,RansomHub
2024-08-20,capitalfund1.com,RansomHub
2024-08-20,blowerdempsay.com,RansomHub
2024-08-20,inlighten.net<Disclose>,RansomHub
2024-08-18,ccsdschools.com<disclose>,RansomHub
2024-08-14,imobesidade.com.br,RansomHub
2024-08-17,www.manotherm.ie,RansomHub
2024-08-17,www.netconfig.co.za,RansomHub
2024-08-17,www.regentcaravans.com.au,RansomHub
2024-08-17,www.gmchc.org,RansomHub
2024-08-17,www.martinswood.herts.sch.uk,RansomHub
2024-08-17,www.allanmcneill.co.nz,RansomHub
2024-08-17,www.lennartsfors.com,RansomHub
2024-08-17,www.albynhousing.org.uk,RansomHub
2024-08-16,www.vinakom.com,RansomHub
2024-08-15,nrcollecties.nl,RansomHub
2024-08-16,www.patelco.org<Disclose>,RansomHub
2024-08-15,www.aaconsultinc.com,RansomHub
2024-08-14,ljglaw.com,RansomHub
2024-08-15,www.atwoodcherny.com,RansomHub
2024-08-15,www.isnart.it,RansomHub
2024-08-14,police.praca.gov.pl,RansomHub
2024-08-12,bedford.k12.oh.us,RansomHub
2024-08-13,welevelup.com,RansomHub
2024-08-11,naturalcuriosities.com,RansomHub
2024-08-11,Jeffersoncountyclerk.org,RansomHub
2024-08-09,alliuminteriors.co.nz,RansomHub
2024-07-14,lmgroup.com<Disclose>,RansomHub
2024-08-09,kempe.com.au,RansomHub
2024-08-09,dhcgrp.com,RansomHub
2024-07-25,mrhme.org,RansomHub
2024-08-08,golfoy.com,RansomHub
2024-08-06,pierrediamonds.com.au,RansomHub
2024-08-08,inv-dar.com,RansomHub
2024-08-08,rationalenterprise.com<disclose>,RansomHub
2024-08-02,modernceramics.com,RansomHub
2024-08-07,hudsoncivil.com.au,RansomHub
2024-08-07,amplicon.com,RansomHub
2024-08-06,infotexim.pe<Auction>,RansomHub
2024-08-06,www.sobha.com,RansomHub
2024-08-02,retaildatallc.com,RansomHub
2024-07-31,www.bahia-principe.com,RansomHub
2024-07-12,www.normandydiesel.fr,RansomHub
2024-08-01,effinghamschools.com,RansomHub
2024-08-01,mcdowallaffleck.com.au,RansomHub
2024-07-31,nydj.com,RansomHub
2024-07-31,wgma.org,RansomHub
2024-07-30,verwarmingheyndrickx.be,RansomHub
2024-07-29,labor-koblenz.de,RansomHub
2024-07-26,www.castelligroup.com,RansomHub
2024-07-26,www.whittakersystem.com,RansomHub
2024-07-22,www.neurologicalinstitute.com,RansomHub
2024-07-24,oficina.oficinadasfinancas.com.br,RansomHub
2024-07-23,bpjaguar.com,RansomHub
2024-07-23,ach.co.th,RansomHub
2024-07-25,baytoti.com,RansomHub
2024-07-25,cminsulation.com,RansomHub
2024-07-25,panitchlaw.com,RansomHub
2024-07-23,sigmacontrol.eu,RansomHub
2024-07-20,www.byzan.com,RansomHub
2024-07-20,www.garudafood.com,RansomHub
2024-07-19,www.kumagaigumi.co.jp,RansomHub
2024-07-16,www.glowfm.nl,RansomHub
2024-07-16,www.newcastlewa.gov,RansomHub
2024-07-16,metalfrio.com.br,RansomHub
2024-07-14,www.erma-rtmo.it,RansomHub
2024-07-18,pgd.pl,RansomHub
2024-07-16,hlbpr.com,RansomHub
2024-07-16,ceopag.com.br / ceofood.com.br,RansomHub
2024-07-16,www.cameronhodges.com,RansomHub
2024-07-16,www.benchinternational.com,RansomHub
2024-07-02,www.zepter.de,RansomHub
2024-07-11,www.riteaid.com,RansomHub
2024-07-11,www.eurostrand.de,RansomHub
2024-07-11,www.lynchaluminum.com,RansomHub
2024-07-11,www.netavent.dk,RansomHub
2024-07-11,www.bfcsolutions.com,RansomHub
2024-06-19,aedifica.com,RansomHub
2024-07-03,baiminstitute.org,RansomHub
2024-07-03,www.swcs-inc.com,RansomHub
2024-03-29,eni.com&mellitahog.ly,RansomHub
2024-07-02,www.daesangamerica.com,RansomHub
2024-06-29,www.hauptmann.at,RansomHub
2024-06-29,www.finecopneumatica.com,RansomHub
2024-07-01,www.sfmedical.de,RansomHub
2024-07-01,www.nttdata.ro,RansomHub
2024-07-01,floridahealth.gov,RansomHub
2024-06-28,Spandex.com,RansomHub
2024-06-27,midamea.com<Auction>,RansomHub
2024-06-24,equinocioplay.com.br,RansomHub
2024-06-01,www.sicoob.com.br<Updated>,RansomHub
2024-06-27,www.cipl.org.in,RansomHub
2024-06-26,daniellegroup.com,RansomHub
2024-06-23,coca-cola.com - Myanmar office,RansomHub
2024-06-27,www.cloudeurope.it,RansomHub
2024-06-26,www.mangimifusco.it,RansomHub
2024-06-24,www.harrisranchbeef.com,RansomHub
2024-06-17,bitzsoftwares.com.br,RansomHub
2024-06-13,multi-wing.com,RansomHub
2024-06-19,www.invisio.com,RansomHub
2024-06-17,www.liderit.es,RansomHub
2024-06-16,parlorenzo.com,RansomHub
2024-06-20,www.gbricambi.it [UPDATE],RansomHub
2024-06-11,smicusa.com,RansomHub
2024-06-11,www.novabitsrl.it,RansomHub
2024-06-05,www.ugrocapital.com,RansomHub
2024-05-13,www.crezit.com,RansomHub
2024-05-29,www.clevo.com.tw<Disclose>,RansomHub
2024-06-01,Frontier.com,RansomHub
2024-05-28,www.bjurholm.se,RansomHub
2024-05-28,www.psgbdvor.rs,RansomHub
2024-05-26,www.christies.com<SOLD>,RansomHub
2024-05-20,www.acslabtest.com,RansomHub
2024-05-20,www.throttleup.io,RansomHub
2024-05-20,www.brittanyhorne.com,RansomHub
2024-05-19,www.mataderodegijon.es,RansomHub
2024-05-17,www.houstonwastesolutions.com,RansomHub
2024-05-16,www.eastshoresound.com,RansomHub
2024-05-15,www.chuoss.co.jp,RansomHub
2024-05-15,www.oriux.com,RansomHub
2024-05-14,www.neodesha.org,RansomHub
2024-05-14,www.rockymountainsales.com,RansomHub
2024-05-14,www.eucatex.com.br,RansomHub
2024-05-13,www.confins.com.br,RansomHub
2024-05-13,OKUANT - okuant.com,RansomHub
2024-05-08,iseta.fr,RansomHub
2024-05-07,www.lalengineering.com,RansomHub
2024-05-06,www.portosaofrancisco.com.br,RansomHub
2024-05-05,www.kamojou.co.za,RansomHub
2024-05-04,www.thaayakam.co.uk,RansomHub
2024-05-02,www.extraco.ae,RansomHub
2024-04-26,www.polaris.es,RansomHub
2024-04-25,www.jutebag.co.uk,RansomHub
2024-04-25,www.precisiontimesystems.com,RansomHub
2024-04-25,www.designintoto.com.au,RansomHub
2024-04-24,www.europeanprof.es,RansomHub
2024-04-22,www.harmanrealtors.com,RansomHub
2024-04-22,nepa.gov.af&dfr.gov.af,RansomHub
2024-04-17,www.fabricainfo.com,RansomHub
2024-04-16,www.grupocuevas.es,RansomHub
2024-04-13,www.eebpsa.com.co,RansomHub
2024-04-12,www.robesoncoso.org,RansomHub
2024-04-09,www.cyncsolutions.com,RansomHub
2024-04-09,"Baca County Feedyard, Inc",RansomHub
2024-04-08,www.skywaycoach.ca,RansomHub
2024-04-08,www.farmaciaflorio.com,RansomHub
2024-04-07,www.nrshealthcare.com,RansomHub
2024-04-06,www.hcisystems.net,RansomHub
2024-04-06,www.betteraccountingsolutions.com,RansomHub
2024-04-04,www.aretusamilano.it,RansomHub
2024-04-03,www.agenciahost.com,RansomHub
2024-04-02,www.constelacion.com.sv,RansomHub
2024-03-28,www.avantit.no,RansomHub
2024-03-22,www.pgesco.com,RansomHub
2024-03-22,www.wisd.net,RansomHub
2024-03-20,www.industrialdealimentos.com,RansomHub
2024-03-20,www.lapastina.com,RansomHub
2024-03-12,www.kovra.com.my,RansomHub
2024-03-11,www.computan.com,RansomHub
2024-03-10,www.scadea.com,RansomHub
2024-03-09,www.go4kora.tv,RansomHub
2024-03-08,www.rekamy.com,RansomHub
2024-03-08,www.dvttechnologyltd.com,RansomHub
2024-03-07,www.siea.sk,RansomHub
2024-03-07,www.spmundi.com.br,RansomHub
2024-03-06,www.merchant.id,RansomHub
2024-02-28,www.shootinghouse.com.br,RansomHub
2024-02-26,www.headwaterco.com,RansomHub
2024-02-23,www.al-shefafarm.ro(SOLD),RansomHub
2024-02-07,www.ykp.com.br,RansomHub